"CleanedResort","OriginalResort"
"Hemsedal","Hemsedal"
"Geilosiden Geilo","Geilosiden Geilo"
"Golm","Golm"
"Red Mountain Resort-Rossland","Red Mountain Resort-Rossland"
"Hafjell","Hafjell"
"Voss","Voss"
"Porter","Porter"
"Nevados de Chillan","Nevados de Chillan"
"Hochschwarzeck","Hochschwarzeck"
"Rossfeld - Berchtesgaden - Oberau","Rossfeld - Berchtesgaden - Oberau"
"Fernie","Fernie"
"Sun Peaks","Sun Peaks"
"Panorama","Panorama"
"Brauneck Lenggries Wegscheid","Brauneck Lenggries Wegscheid"
"Zermatt - Matterhorn","Zermatt - Matterhorn"
"Treble Cone","Treble Cone"
"Val Gardena","Val Gardena"
"Gressoney - La-Trinite Monterosa Ski","Gressoney - La-Trinite Monterosa Ski"
"Les Gets Les Portes du Soleil","Les Gets Les Portes du Soleil"
"Espace San Bernardo La RosireLa Thuile","Espace San Bernardo La RosireLa Thuile"
"The Lecht","The Lecht"
"Steamboat","Steamboat"
"Howelsen Hill-Steamboat Springs","Howelsen Hill-Steamboat Springs"
"Les Contamines-Hauteluce","Les Contamines-Hauteluce"
"Crested Butte","Crested Butte"
"Jackson Hole","Jackson Hole"
"Park City","Park City"
"Nevis Range","Nevis Range"
"Arapahoe Basin","Arapahoe Basin"
"The Remarkables","The Remarkables"
"Valchiavenna MadesimoCampodolcino","Valchiavenna MadesimoCampodolcino"
"La Thuile La Rosire - Espace San Bernardo","La Thuile La Rosire - Espace San Bernardo"
"Livigno CaroselloMottolino","Livigno CaroselloMottolino"
"Madonna di Campiglio-Pinzolo-Folgarida-Marilleva","Madonna di Campiglio-Pinzolo-Folgarida-Marilleva"
"Wagrain Ski amed","Wagrain Ski amed"
"Kaunertal Glacier Kaunertaler Gletscher","Kaunertal Glacier Kaunertaler Gletscher"
"Saalbach Hinterglemm Leogang Fieberbrunn Skicircus","Saalbach Hinterglemm Leogang Fieberbrunn Skicircus"
"Sestriere ski resort Via Lattea","Sestriere ski resort Via Lattea"
"Reither Kogel-Reith im Alpbachtal","Reither Kogel-Reith im Alpbachtal"
"Kicking Horse - Golden","Kicking Horse - Golden"
"Grandvalira Pas de la CasaGrau RoigSoldeuEl TarterCanilloEncamp","Grandvalira Pas de la CasaGrau RoigSoldeuEl TarterCanilloEncamp"
"Rinerhorn Davos Klosters","Rinerhorn Davos Klosters"
"Madrisa Davos Klosters","Madrisa Davos Klosters"
"Jakobshorn Davos Klosters","Jakobshorn Davos Klosters"
"Glacier 3000 Les Diablerets","Glacier 3000 Les Diablerets"
"Big White","Big White"
"Obergurgl-Hochgurgl","Obergurgl-Hochgurgl"
"Coronet Peak","Coronet Peak"
"Les Deux alpes","Les Deux alpes"
"Valle Nevado","Valle Nevado"
"Ben Lomond","Ben Lomond"
"Portillo","Portillo"
"Catedral Alta Patagonia","Catedral Alta Patagonia"
"Whistler","Whistler"
"Stubai Glacier","Stubai Glacier"
"Fonna Glacier","Fonna Glacier"
"Tignes - Val dIsere","Tignes - Val dIsere"
"La Plagne Paradiski","La Plagne Paradiski"
"Les Orres","Les Orres"
"Espace Diamant-Les SaisiesNotre-Dame-de-BellecombePraz sur ArlyFlumetCrest-Voland","Espace Diamant-Les SaisiesNotre-Dame-de-BellecombePraz sur ArlyFlumetCrest-Voland"
"Avoriaz Les Portes du Soleil","Avoriaz Les Portes du Soleil"
"Chatel Les Portes du Soleil","Chatel Les Portes du Soleil"
"Le Lys - Cauterets","Le Lys - Cauterets"
"Pont dEspagne - Cauterets","Pont dEspagne - Cauterets"
"La Grave - La Meije","La Grave - La Meije"
"Courchevel Les 3 Vallees","Courchevel Les 3 Vallees"
"Saint Martin de Belleville Les 3 Vallees","Saint Martin de Belleville Les 3 Vallees"
"Alpe dHuez","Alpe dHuez"
"La Tania-Val ThorensLes MenuiresMeribel Les 3 Vallees","La Tania-Val ThorensLes MenuiresMeribel Les 3 Vallees"
"Sainte-Foy-Tarentaise","Sainte-Foy-Tarentaise"
"Les Arcs Peisey-Vallandry Paradiski","Les Arcs Peisey-Vallandry Paradiski"
"Montgenevre Via Lattea","Montgenevre Via Lattea"
"Bonneval sur Arc","Bonneval sur Arc"
"Val Thorens Les 3 Vallees","Val Thorens Les 3 Vallees"
"Serre Chevalier-BrianconChantemerleVilleneuve-la-SalleLe Monetier-les-Bains","Serre Chevalier-BrianconChantemerleVilleneuve-la-SalleLe Monetier-les-Bains"
"Kleine Scheidegg Mannlichen-Grindelwald Wengen","Kleine Scheidegg Mannlichen-Grindelwald Wengen"
"Balme-Les Autannes-Vallorcine-Le Tour","Balme-Les Autannes-Vallorcine-Le Tour"
"Grands Montets-Argentiere Chamonix","Grands Montets-Argentiere Chamonix"
"Winter Park Resort","Winter Park Resort"
"Arcalis-Ordino Vallnord","Arcalis-Ordino Vallnord"
"Ruka","Ruka"
"Levi","Levi"
"Niseko","Niseko"
"Kranjska Gora","Kranjska Gora"
"El Tarter Pas de la CasaGrau RoigSoldeuCanilloEncamp Grandvalira","El Tarter Pas de la CasaGrau RoigSoldeuCanilloEncamp Grandvalira"
"Bansko","Bansko"
"Alta","Alta"
"Aspen Mountain","Aspen Mountain"
"Aspen Highlands","Aspen Highlands"
"Squaw Valley","Squaw Valley"
"Vail","Vail"
"Kitzsteinhorn - Kaprun","Kitzsteinhorn - Kaprun"
"Snowbasin","Snowbasin"
"Beaver Creek","Beaver Creek"
"Glencoe Mountain","Glencoe Mountain"
"Slden","Slden"
"Kuhtai","Kuhtai"
"Breckenridge","Breckenridge"
"Obertauern","Obertauern"
"Elfer Neustift","Elfer Neustift"
"Serfaus-Fiss-Ladis","Serfaus-Fiss-Ladis"
"Hochkonig-Maria AlmDientenMuhlbach","Hochkonig-Maria AlmDientenMuhlbach"
"Mayrhofen-PenkenAhornRastkogelEggalm","Mayrhofen-PenkenAhornRastkogelEggalm"
"St Anton Ski Arlberg","St Anton Ski Arlberg"
"Axamer Lizum","Axamer Lizum"
"Flachau Ski amed","Flachau Ski amed"
"Ski Juwel Alpbachtal Wildschonau","Ski Juwel Alpbachtal Wildschonau"
"Ischgl","Ischgl"
"Bad Gastein","Bad Gastein"
"Gargellen","Gargellen"
"Lech Ski Arlberg","Lech Ski Arlberg"
"Kitzbhel Kirchberg KitzSki","Kitzbhel Kirchberg KitzSki"
"Galtur","Galtur"
"Fieberbrunn - Saalbach Hinterglemm Leogang Skicircus","Fieberbrunn - Saalbach Hinterglemm Leogang Skicircus"
"Schladming 4-Berge-Skischauke","Schladming 4-Berge-Skischauke"
"Ellmau SkiWelt Wilder Kaiser-Brixental","Ellmau SkiWelt Wilder Kaiser-Brixental"
"Zauchensee","Zauchensee"
"Westendorf SkiWelt Wilder Kaiser-Brixental","Westendorf SkiWelt Wilder Kaiser-Brixental"
"Silvretta Montafon","Silvretta Montafon"
"Zrs Ski Arlberg","Zrs Ski Arlberg"
"Sll SkiWelt Wilder Kaiser-Brixental","Sll SkiWelt Wilder Kaiser-Brixental"
"St Johann in Tirol","St Johann in Tirol"
"St Christoph Ski Arlberg","St Christoph Ski Arlberg"
"Courmayeur Checrouit - Val Veny","Courmayeur Checrouit - Val Veny"
"Sierra Nevada-Pradollano","Sierra Nevada-Pradollano"
"Cortina dAmpezzo","Cortina dAmpezzo"
"Val Senales Glacier","Val Senales Glacier"
"Saas-Fee","Saas-Fee"
"Champoluc Monterosa Ski","Champoluc Monterosa Ski"
"Kronplatz Plan de Corones","Kronplatz Plan de Corones"
"Formigal","Formigal"
"Baqueira Beret","Baqueira Beret"
"Sauze dOulx Via Lattea","Sauze dOulx Via Lattea"
"Cervinia","Cervinia"
"Wasserngrat Gstaad","Wasserngrat Gstaad"
"Wispile Gstaad","Wispile Gstaad"
"Crans-Montana","Crans-Montana"
"Brunni - Engelberg","Brunni - Engelberg"
"Arosa Lenzerheide","Arosa Lenzerheide"
"Verbier 4 Vallees","Verbier 4 Vallees"
"St Moritz - Corviglia","St Moritz - Corviglia"
"Gresse en Vercors","Gresse en Vercors"
"Nendaz 4 Vallees","Nendaz 4 Vallees"
"Villars - Gryon Les Diablerets","Villars - Gryon Les Diablerets"
"Thyon 4 Vallees","Thyon 4 Vallees"
"Veysonnaz 4 Vallees","Veysonnaz 4 Vallees"
"Buchenberg-Buching-Halblech-","Buchenberg-Buching-Halblech-"
"Alpendorf Ski amed","Alpendorf Ski amed"
"Meribel Les 3 Vallees","Meribel Les 3 Vallees"
"Les Menuires Les 3 Vallees","Les Menuires Les 3 Vallees"
"Les Sybelles-Le Corbier-La Toussuire-Les Bottieres-St Colomban des Villards-St Sorlin-St Jean dArves","Les Sybelles-Le Corbier-La Toussuire-Les Bottieres-St Colomban des Villards-St Sorlin-St Jean dArves"
"Le Grand Massif-Flaine-Les Carroz-Morillon-Samoens-Sixt","Le Grand Massif-Flaine-Les Carroz-Morillon-Samoens-Sixt"
"Megeve-Saint-Gervais","Megeve-Saint-Gervais"
"Big Sky Resort","Big Sky Resort"
"Snowmass","Snowmass"
"Soldeu-Pas de la CasaGrau RoigEl TarterCanilloEncamp Grandvalira","Soldeu-Pas de la CasaGrau RoigEl TarterCanilloEncamp Grandvalira"
"Laax-Flims-Falera","Laax-Flims-Falera"
"Vars-Risoul-La Foret Blanche","Vars-Risoul-La Foret Blanche"
"Le Grand Domaine-Valmorel-Doucy-Celliers-St Francois Longchamp","Le Grand Domaine-Valmorel-Doucy-Celliers-St Francois Longchamp"
"Galibier Thabor-Valmeinier-Valloire","Galibier Thabor-Valmeinier-Valloire"
"Zillertal Arena-Zell am Ziller-Gerlos-Konigsleiten-Hochkrimml","Zillertal Arena-Zell am Ziller-Gerlos-Konigsleiten-Hochkrimml"
"La Molina-Masella-Alp2500","La Molina-Masella-Alp2500"
"Lake Louise","Lake Louise"
"Auron-Saint-Etienne-de-Tinee-","Auron-Saint-Etienne-de-Tinee-"
"Powder Mountain","Powder Mountain"
"Keystone","Keystone"
"Alta Badia","Alta Badia"
"Killington","Killington"
"Copper Mountain","Copper Mountain"
"La Clusaz-Manigod","La Clusaz-Manigod"
"Espace Villard Correncon-Villard-de-Lans-Correncon-en-Vercors","Espace Villard Correncon-Villard-de-Lans-Correncon-en-Vercors"
"Val Cenis-Lanslevillard-Lanslebourg-Termignon","Val Cenis-Lanslevillard-Lanslebourg-Termignon"
"Isola 2000","Isola 2000"
"Obersaxen-Mundaun-Val Lumnezia","Obersaxen-Mundaun-Val Lumnezia"
"Les 7 Laux-Prapoutel-Le Pleynet-Pipay","Les 7 Laux-Prapoutel-Le Pleynet-Pipay"
"Corvatsch-Furtschellas","Corvatsch-Furtschellas"
"Sugarloaf","Sugarloaf"
"Silver Star","Silver Star"
"Taos","Taos"
"Nassfeld-Hermagor","Nassfeld-Hermagor"
"Sunshine Village","Sunshine Village"
"Mondole Ski-Artesina-Frabosa Soprana-Prato Nevoso","Mondole Ski-Artesina-Frabosa Soprana-Prato Nevoso"
"Aletsch Arena-Riederalp-Bettmeralp-Fiesch Eggishorn","Aletsch Arena-Riederalp-Bettmeralp-Fiesch Eggishorn"
"Bad Kleinkirchheim-St Oswald","Bad Kleinkirchheim-St Oswald"
"Snowbird","Snowbird"
"Bardonecchia","Bardonecchia"
"Saint-Lary-Soulan","Saint-Lary-Soulan"
"Orcieres Merlette 1850","Orcieres Merlette 1850"
"Devoluy-Superdevoluy-La Joue du Loup","Devoluy-Superdevoluy-La Joue du Loup"
"Grand Tourmalet-Pic du Midi-La Mongie-Bareges","Grand Tourmalet-Pic du Midi-La Mongie-Bareges"
"Mt Rose","Mt Rose"
"Mt Buller","Mt Buller"
"Mt Baker","Mt Baker"
"Alpine Meadows","Alpine Meadows"
"Deer Valley","Deer Valley"
"Perisher","Perisher"
"Wolf Creek","Wolf Creek"
"Wenatchee-Mission Ridge","Wenatchee-Mission Ridge"
"Mt Bachelor","Mt Bachelor"
"Northstar California Resort","Northstar California Resort"
"Parsenn Davos Klosters","Parsenn Davos Klosters"
"Schweitzer Mountain Resort","Schweitzer Mountain Resort"
"Heavenly","Heavenly"
"Castle Mountain","Castle Mountain"
"Oberau Wildschonau","Oberau Wildschonau"
"Loveland","Loveland"
"Stratton","Stratton"
"Falls Creek","Falls Creek"
"Bald Mountain-Sun Valley","Bald Mountain-Sun Valley"
"re","re"
"Whitefish Mountain Resort","Whitefish Mountain Resort"
"Alto Sangro-Roccaraso-Rivisondoli","Alto Sangro-Roccaraso-Rivisondoli"
"Chamrousse","Chamrousse"
"Valberg-Beuil les Launes","Valberg-Beuil les Launes"
"Mt Hood Meadows","Mt Hood Meadows"
"Sugar Bowl","Sugar Bowl"
"Mammoth Mountain","Mammoth Mountain"
"Telluride","Telluride"
"Adelboden-Lenk-Chuenisbargli-Silleren-Hahnenmoos-Metsch","Adelboden-Lenk-Chuenisbargli-Silleren-Hahnenmoos-Metsch"
"Rinderberg-Saanerslochgrat-Horneggli-Zweisimmen-Saanenmoser-Schonried-St Stephan","Rinderberg-Saanerslochgrat-Horneggli-Zweisimmen-Saanenmoser-Schonried-St Stephan"
"Sugarbush","Sugarbush"
"Graukogel-Bad Gastein","Graukogel-Bad Gastein"
"Marmot Basin-Jasper","Marmot Basin-Jasper"
"Les Portes du Mont-Blanc-Combloux-Megeve le Jaillet-La Giettaz","Les Portes du Mont-Blanc-Combloux-Megeve le Jaillet-La Giettaz"
"Purgatory-Durango","Purgatory-Durango"
"Le Grand Bornand","Le Grand Bornand"
"Sunday River","Sunday River"
"Kaltenbach-Hochzillertal-Hochfugen-SKi-optimal-","Kaltenbach-Hochzillertal-Hochfugen-SKi-optimal-"
"Shigakogen Mountain Resort","Shigakogen Mountain Resort"
"Grimentz-Zinal","Grimentz-Zinal"
"Kimberley","Kimberley"
"Civetta-Alleghe-Selva di Cadore-Palafavera-Zoldo","Civetta-Alleghe-Selva di Cadore-Palafavera-Zoldo"
"Ax les Thermes","Ax les Thermes"
"Mzaar Kfardebian","Mzaar Kfardebian"
"Yellowstone Club","Yellowstone Club"
"Damuls Mellau","Damuls Mellau"
"Mont Tremblant","Mont Tremblant"
"Smugglers Notch","Smugglers Notch"
"Rosa Khutor","Rosa Khutor"
"Zell am See","Zell am See"
"Cerler","Cerler"
"Jay Peak","Jay Peak"
"Three Peaks Dolomites-Helm-Stiergarten-Rotwand-Kreuzbergpass","Three Peaks Dolomites-Helm-Stiergarten-Rotwand-Kreuzbergpass"
"Puy St Vincent","Puy St Vincent"
"Angel Fire","Angel Fire"
"Folgaria-Fiorentini","Folgaria-Fiorentini"
"Titlis-Engelberg","Titlis-Engelberg"
"Trysil","Trysil"
"Nauders am Reschenpass-Bergkastel","Nauders am Reschenpass-Bergkastel"
"Bridger Bowl-Bozeman","Bridger Bowl-Bozeman"
"Brian Head","Brian Head"
"Grossarltal-Dorfgastein","Grossarltal-Dorfgastein"
"Thredbo","Thredbo"
"Stowe","Stowe"
"Katschberg","Katschberg"
"Valfrejus","Valfrejus"
"Savognin","Savognin"
"Scuol-Motta Naluns","Scuol-Motta Naluns"
"Okemo","Okemo"
"Mont-Sainte-Anne-Beaupre","Mont-Sainte-Anne-Beaupre"
"49 Degrees North Mountain Resort","49 Degrees North Mountain Resort"
"Passo San Pellegrino-Falcade","Passo San Pellegrino-Falcade"
"Bear Valley","Bear Valley"
"Apex Resort","Apex Resort"
"Brighton","Brighton"
"Piau Engaly","Piau Engaly"
"Flumserberg","Flumserberg"
"Super Sauze","Super Sauze"
"Bukovel","Bukovel"
"La Norma","La Norma"
"Mt Hood Skibowl","Mt Hood Skibowl"
"Kirkwood","Kirkwood"
"Red Lodge Mountain","Red Lodge Mountain"
"Solitude","Solitude"
"Pal-Arinsal-La Massana-Vallnord-","Pal-Arinsal-La Massana-Vallnord-"
"Arabba","Arabba"
"Wildkogel-Neukirchen-Bramberg","Wildkogel-Neukirchen-Bramberg"
"Alyeska Resort-Girdwood","Alyeska Resort-Girdwood"
"Hintertux Glacier","Hintertux Glacier"
"Disentis 3000","Disentis 3000"
"Belalp-Blatten","Belalp-Blatten"
"San Martino di Castrozza","San Martino di Castrozza"
"Meiringen-Hasliberg","Meiringen-Hasliberg"
"Toggenburg-Wildhaus-Unterwasser-Alt St Johann","Toggenburg-Wildhaus-Unterwasser-Alt St Johann"
"Alpe di Siusi-Seiser Alm-","Alpe di Siusi-Seiser Alm-"
"Le Lioran","Le Lioran"
"Saint Luc-Chandolin-Anniviers-","Saint Luc-Chandolin-Anniviers-"
"Les Karellis","Les Karellis"
"Peyragudes","Peyragudes"
"Leysin","Leysin"
"Gudauri","Gudauri"
"Mount Snow","Mount Snow"
"Mount Washington","Mount Washington"
"Ponte di Legno-Passo Tonale-Presena Glacier-Temu-Pontedilegno-Tonale-","Ponte di Legno-Passo Tonale-Presena Glacier-Temu-Pontedilegno-Tonale-"
"Gore Mountain","Gore Mountain"
"Eggli-La Videmanette-Gstaad-Saanen-Rougemont","Eggli-La Videmanette-Gstaad-Saanen-Rougemont"
"Anzere","Anzere"
"Borovets","Borovets"
"Font-Romeu-Bolquere Pyrenees 2000","Font-Romeu-Bolquere Pyrenees 2000"
"Oppdal","Oppdal"
"Brevent-Flegere-Chamonix-","Brevent-Flegere-Chamonix-"
"Bretton Woods","Bretton Woods"
"Les Houches-Saint-Gervais-Prarion-Bellevue-Chamonix-","Les Houches-Saint-Gervais-Prarion-Bellevue-Chamonix-"
"Yllas","Yllas"
"Belvedere-Col Rodella-Ciampac-Buffaure-Canazei-Campitello-Alba-Pozza di Fassa","Belvedere-Col Rodella-Ciampac-Buffaure-Canazei-Campitello-Alba-Pozza di Fassa"
"Revelstoke Mountain Resort","Revelstoke Mountain Resort"
"Lauchernalp-Lotschental","Lauchernalp-Lotschental"
"Grossglockner Heiligenblut","Grossglockner Heiligenblut"
"Brandnertal-Brand-Burserberg","Brandnertal-Brand-Burserberg"
"Alpe du Grand-Serre-La Morte","Alpe du Grand-Serre-La Morte"
"Les Angles","Les Angles"
"Kopaonik","Kopaonik"
"Aussois","Aussois"
"Apache","Apache"
"Erciyes-Kayseri","Erciyes-Kayseri"
"Hunter Mountain","Hunter Mountain"
"First-Grindelwald","First-Grindelwald"
"Sorenberg-Rothorn-Dorf","Sorenberg-Rothorn-Dorf"
"Riserva Bianca-Limone Piemonte","Riserva Bianca-Limone Piemonte"
"Eldora Mountain","Eldora Mountain"
"Donner Ski Ranch","Donner Ski Ranch"
"Las Lenas","Las Lenas"
"Happo-One-Hakuba","Happo-One-Hakuba"
"Gitschberg Jochtal","Gitschberg Jochtal"
"Schilthorn-Murren-Lauterbrunnen","Schilthorn-Murren-Lauterbrunnen"
"Dachstein West","Dachstein West"
"Cypress Mountain","Cypress Mountain"
"Pila","Pila"
"Brigels-Waltensburg-Andiast","Brigels-Waltensburg-Andiast"
"Aprica","Aprica"
"Bormio-Cima Bianca","Bormio-Cima Bianca"
"Sedrun-Oberalp","Sedrun-Oberalp"
"Grosseck-Speiereck-Mauterndorf-St Michael","Grosseck-Speiereck-Mauterndorf-St Michael"
"Hirmentaz-Les Haberes-Bellevaux-Habere-Poche","Hirmentaz-Les Haberes-Bellevaux-Habere-Poche"
"Pragelato","Pragelato"
"Porte Puymorens","Porte Puymorens"
"Mythenregion","Mythenregion"
"Candanchu","Candanchu"
"Zugspitze","Zugspitze"
"Zao Onsen","Zao Onsen"
"Lindvallen-Hogfjallet-Salen-","Lindvallen-Hogfjallet-Salen-"
"Jasna Nizke Tatry-Chopok","Jasna Nizke Tatry-Chopok"
"Mitsumata-Kagura-Tashiro-Mt Naeba-","Mitsumata-Kagura-Tashiro-Mt Naeba-"
"Tandadalen-Hundfjallet-Salen-","Tandadalen-Hundfjallet-Salen-"
"Appi Kogen","Appi Kogen"
"Gazprom Mountain Resort-Laura- Esto-Sadok-Sotschi-","Gazprom Mountain Resort-Laura- Esto-Sadok-Sotschi-"
"Rusutsu","Rusutsu"
"Steinplatte-Winklmoosalm-Waidring-Reit im Winkl","Steinplatte-Winklmoosalm-Waidring-Reit im Winkl"
"Uludag-Bursa","Uludag-Bursa"
"Rigi","Rigi"
"Metabief","Metabief"
"Vitosha-Sofia","Vitosha-Sofia"
"Latemar-Obereggen-Pampeago-Predazzo","Latemar-Obereggen-Pampeago-Predazzo"
"Szczyrk-Skrzyczne","Szczyrk-Skrzyczne"
"Mariborsko Pohorje-Maribor","Mariborsko Pohorje-Maribor"
"El Colorado-Farellones","El Colorado-Farellones"
"Praz de Lys-Sommand-Taninges-Mieussy-","Praz de Lys-Sommand-Taninges-Mieussy-"
"Jahorina","Jahorina"
"Espace Dole-La Dole-Les Tuffes","Espace Dole-La Dole-Les Tuffes"
"Myoko Akakura","Myoko Akakura"
"Naeba-Mt Naeba-","Naeba-Mt Naeba-"
"Nozawa Onsen","Nozawa Onsen"
"Kreischberg","Kreischberg"
"Garmisch-Classic-Garmisch-Partenkirchen","Garmisch-Classic-Garmisch-Partenkirchen"
"Carezza Ski","Carezza Ski"
"Pizol-Bad Ragaz-Wangs","Pizol-Bad Ragaz-Wangs"
"SuperBesse-Puy de Sancy","SuperBesse-Puy de Sancy"
"Stoten","Stoten"
"Palandoken-Ejder 3200 World Ski Center-","Palandoken-Ejder 3200 World Ski Center-"
"Fellhorn-Kanzelwand-Oberstdorf-Riezlern","Fellhorn-Kanzelwand-Oberstdorf-Riezlern"
"Idre Fjall","Idre Fjall"
"Groglockner Resort Kals-Matrei","Groglockner Resort Kals-Matrei"
"Pamporovo","Pamporovo"
"Abetone-Val di Luce","Abetone-Val di Luce"
"Gerlitzen","Gerlitzen"
"Paganella-Andalo","Paganella-Andalo"
"Melchsee-Frutt-Kerns-","Melchsee-Frutt-Kerns-"
"Vall de Nuria","Vall de Nuria"
"Areches-Beaufort-","Areches-Beaufort-"
"Spindleruv Mlyn","Spindleruv Mlyn"
"Les Mosses-La Lecherette","Les Mosses-La Lecherette"
"Dizin","Dizin"
"Gala Yuzawa-Ishiuchi Maruyama","Gala Yuzawa-Ishiuchi Maruyama"
"YongPyong Resort","YongPyong Resort"
"Cimone-Montecreto-Sestola-Le Polle","Cimone-Montecreto-Sestola-Le Polle"
"Luchon Superbagneres","Luchon Superbagneres"
"High1 Resort","High1 Resort"
"La Parva","La Parva"
"Lelex-Crozet","Lelex-Crozet"
"Alpika Service","Alpika Service"
"Sinaia","Sinaia"
"Furano","Furano"
"Gourette-Eaux Bonnes-","Gourette-Eaux Bonnes-"
"Whiteface-Lake Placid","Whiteface-Lake Placid"
"Rauriser Hochalmbahnen-Rauris","Rauriser Hochalmbahnen-Rauris"
"Hoch-Ybrig-Unteriberg-Oberiberg","Hoch-Ybrig-Unteriberg-Oberiberg"
"Meran 2000","Meran 2000"
"Natschen-Andermatt","Natschen-Andermatt"
"Hoshino Resorts Tomamu","Hoshino Resorts Tomamu"
"Albiez-Montrond","Albiez-Montrond"
"Tarvisio-Monte Lussari","Tarvisio-Monte Lussari"
"Mount Parnassos-Fterolakka-Kellaria","Mount Parnassos-Fterolakka-Kellaria"
"Moelltal Glacier-Molltaler Gletscher-","Moelltal Glacier-Molltaler Gletscher-"
"Wendelstein-Brannenburg-Osterhofen","Wendelstein-Brannenburg-Osterhofen"
"Glenshee","Glenshee"
"Sulden am Ortler-Solda allOrtles-","Sulden am Ortler-Solda allOrtles-"
"The Summit at Snoqualmie","The Summit at Snoqualmie"
"Poiana Brasov","Poiana Brasov"
"Hinterstoder-Hoss","Hinterstoder-Hoss"
"St Jean Montclar","St Jean Montclar"
"Port del Comte","Port del Comte"
"Tanndalen","Tanndalen"
"Feldberg-Seebuck-Grafenmatt-Fahl","Feldberg-Seebuck-Grafenmatt-Fahl"
"Pitztal Glacier-Pitztaler Gletscher-","Pitztal Glacier-Pitztaler Gletscher-"
"Kiroro","Kiroro"
"Tauplitz-Bad Mitterndorf","Tauplitz-Bad Mitterndorf"
"Hochoetz-Oetz","Hochoetz-Oetz"
"Rosshutte-Seefeld","Rosshutte-Seefeld"
"Malbun","Malbun"
"Spicak","Spicak"
"Riesneralm-Donnersbachwald","Riesneralm-Donnersbachwald"
"Berwang-Bichlbach-Rinnen","Berwang-Bichlbach-Rinnen"
"Glungezer-Tulfes","Glungezer-Tulfes"
"Fanningberg","Fanningberg"
"Tamarack Resort","Tamarack Resort"
"Turracher Hohe","Turracher Hohe"
"Indoor ski area Snow Arena-Druskininkai","Indoor ski area Snow Arena-Druskininkai"
"Niedere-Andelsbuch-Bezau","Niedere-Andelsbuch-Bezau"
"Summit Ski Area at Mt Hood","Summit Ski Area at Mt Hood"
"Wurzeralm-Spital am Pyhrn","Wurzeralm-Spital am Pyhrn"
"Prabichl-Vordernberg","Prabichl-Vordernberg"
"Pfelders-Moos in Passeier-","Pfelders-Moos in Passeier-"
"Mitterdorf-Almberg- Mitterfirmiansreut","Mitterdorf-Almberg- Mitterfirmiansreut"
"Lavarone","Lavarone"
"Bolton Valley","Bolton Valley"
"Geikopf-Bischofsmais","Geikopf-Bischofsmais"
"Donovaly-Park Snow-","Donovaly-Park Snow-"
"Kobla-Bohinj","Kobla-Bohinj"
"Sudelfeld-Bayrischzell","Sudelfeld-Bayrischzell"
"Gruntenlifte-Kranzegg-Rettenberg-","Gruntenlifte-Kranzegg-Rettenberg-"
"Grebenzen-St Lambrecht","Grebenzen-St Lambrecht"
"Kirchdorf","Kirchdorf"
"Nebelhorn-Oberstdorf","Nebelhorn-Oberstdorf"
"Lachtal","Lachtal"
"Ramsau am Dachstein-Rittisberg","Ramsau am Dachstein-Rittisberg"
"Burchen-Torbel-Moosalp","Burchen-Torbel-Moosalp"
"Guzet","Guzet"
"Montage Mountain Resort","Montage Mountain Resort"
"Schetteregg-Egg","Schetteregg-Egg"
"Fichtelberg-Oberwiesenthal","Fichtelberg-Oberwiesenthal"
"Bellwald","Bellwald"
"Klewenalp-Stockhutte-Beckenried-Emmetten","Klewenalp-Stockhutte-Beckenried-Emmetten"
"Schoneck-Skiwelt-","Schoneck-Skiwelt-"
"Biaka Tatrzanska-Kotelnica-Kaniowka-Bania","Biaka Tatrzanska-Kotelnica-Kaniowka-Bania"
"Strbske Pleso","Strbske Pleso"
"Gaissau-Hintersee","Gaissau-Hintersee"
"Sandia Peak","Sandia Peak"
"Kellerjoch-Schwaz","Kellerjoch-Schwaz"
"Aillons-Margeriaz","Aillons-Margeriaz"
"Hochrindl-Sirnitz","Hochrindl-Sirnitz"
"La Bresse-Hohneck","La Bresse-Hohneck"
"Silbersattel-Steinach","Silbersattel-Steinach"
"Gornaya Karusel","Gornaya Karusel"
"Lammeralm-Langenwang","Lammeralm-Langenwang"
"Kitzbuheler Horn","Kitzbuheler Horn"
"Myrkdalen","Myrkdalen"
"Shymbulak-Chimbulak-","Shymbulak-Chimbulak-"
"Loser-Altaussee","Loser-Altaussee"
"Christlum-Achenkirch","Christlum-Achenkirch"
"Grasgehren-Bolgengrat","Grasgehren-Bolgengrat"
"Crystal Mountain-WA-","Crystal Mountain-WA-"
"Gotschen-Bischofswiesen","Gotschen-Bischofswiesen"
"Torrent-Leukerbad","Torrent-Leukerbad"
"Monte Popolo-Eben im Pongau","Monte Popolo-Eben im Pongau"
"Sun Mountain-Yabuli","Sun Mountain-Yabuli"
"Jochgrimm-Passo Oclini-","Jochgrimm-Passo Oclini-"
"Alpe Lusia-Moena-Bellamonte","Alpe Lusia-Moena-Bellamonte"
"Unternberg-Ruhpolding-","Unternberg-Ruhpolding-"
"Diavolezza-Lagalb","Diavolezza-Lagalb"
"Kubinska hola","Kubinska hola"
"Stevens Pass","Stevens Pass"
"Gala","Gala"
"Kvitfjell","Kvitfjell"
"Molines-en-Queyras-Saint-Veran","Molines-en-Queyras-Saint-Veran"
"Tatranska Lomnica","Tatranska Lomnica"
"Mt Dobson","Mt Dobson"
"Kanin-Sella Nevea-Bovec","Kanin-Sella Nevea-Bovec"
"Postwiesen Skidorf-Neuastenberg","Postwiesen Skidorf-Neuastenberg"
"Kaiseregg-Riggisalp-Schwarzsee","Kaiseregg-Riggisalp-Schwarzsee"
"St Pierre de Chartreuse-Le Planolet","St Pierre de Chartreuse-Le Planolet"
"Loon Mountain","Loon Mountain"
"Oberjoch-Bad Hindelang- Iseler","Oberjoch-Bad Hindelang- Iseler"
"Monichkirchen-Mariensee","Monichkirchen-Mariensee"
"Grachen","Grachen"
"Puigmal","Puigmal"
"Kranzberg-Mittenwald","Kranzberg-Mittenwald"
"Wetterstein lifts-Wettersteinbahnen- Ehrwald","Wetterstein lifts-Wettersteinbahnen- Ehrwald"
"Stuhleck-Spital am Semmering","Stuhleck-Spital am Semmering"
"Le Massif","Le Massif"
